Observation,Open,High,Low,Close,Adj Close,Volume
1,49.57,49.849998,49.57,49.790001,38.895077,1310200
2,50.360001,50.970001,50.290001,50.84,39.715317,1528800
3,50.939999,51.450001,50.880001,51.220001,40.012165,2226300
4,50.900002,51.009998,50.740002,50.869999,40.064148,1462300
5,50.639999,50.939999,50.369999,50.66,39.898746,1114200
6,50.759998,50.959999,50.650002,50.740002,39.961758,915700
7,50.650002,51.150002,50.450001,51.139999,40.276794,1461600
8,51.299999,51.310001,50.82,51.139999,40.276794,1252400
9,51.25,51.450001,51.110001,51.150002,40.28466,1190600
10,51.209999,51.27,50.779999,50.860001,40.056267,1506900
11,50.790001,50.970001,50.110001,50.27,39.591591,1292700
12,50.18,50.27,49.970001,50.060001,39.426208,1117000
13,50.130001,50.630001,49.939999,50.610001,39.859367,1364700
14,50.59,50.84,50.310001,50.779999,39.993259,840400
15,50.82,51.41,50.639999,51.369999,40.457935,1605300
16,51.630001,52.200001,51.630001,52.080002,41.017105,1265500
17,52.209999,52.240002,51.919998,52.189999,41.103741,1064700
18,52.25,52.32,51.75,51.900002,40.875347,1156600
19,51.669998,51.990002,51.509998,51.759998,40.765076,1429800
20,51.919998,52.18,51.389999,51.77,40.772957,1443000
21,51.810001,51.959999,51.380001,51.66,40.686329,1360400
22,51.75,51.799999,51.459999,51.580002,40.623329,1112500
23,51.869999,52.150002,51.700001,51.830002,40.820221,1336300
24,51.580002,51.700001,51.380001,51.529999,40.583942,1024100
25,51.32,51.450001,51.23,51.32,40.418552,1140100
26,51.32,51.52,50.919998,51.52,40.576057,1245700
27,51.700001,51.990002,51.59,51.91,40.883224,1356200
28,52.23,52.299999,52.119999,52.169998,41.08799,1192700
29,52.360001,52.470001,52.25,52.349998,41.229759,1389400
30,52.48,52.599998,52.259998,52.470001,41.324268,1331600
31,52.43,52.900002,52.41,52.900002,41.662922,1267800
32,53.02,53.18,52.93,52.970001,41.718052,1483400
33,52.869999,53.07,52.560001,53.029999,41.765305,1089300
34,52.959999,53.220001,52.849998,53.099998,41.820438,2162600
35,52.939999,53.740002,52.900002,53.669998,42.26936,2598500
36,53.939999,54.439999,53.48,53.540001,42.166977,2181200
37,53.41,53.650002,52.709999,52.84,41.615669,2278000
38,53,53,52.189999,52.73,41.529034,2226200
39,52.259998,52.669998,51.549999,51.599998,40.639072,2316400
40,52.110001,52.240002,51.639999,52.16,41.08012,2759500
41,53.549999,53.549999,51.220001,51.490002,40.552444,2983200
42,51.419998,52.139999,51.389999,52.099998,41.03286,2055900
43,51.919998,52.43,51.650002,52.369999,41.245506,1737200
44,52.41,52.610001,52.169998,52.23,41.135246,1407000
45,52.41,52.5,51.919998,52,40.954113,1813100
46,52,52.189999,51.619999,51.77,40.772957,1265600
47,52.029999,52.029999,48.91,49.02,38.607124,9254900
48,49.189999,50.16,49.07,49.849998,39.260807,4162900
49,49.810001,49.84,49.16,49.25,38.788265,1594500
50,49.360001,49.689999,49.049999,49.560001,39.032421,2458200
51,49.68,50.049999,49.639999,49.709999,39.150543,1352500
52,49.82,50.009998,49.41,49.5,38.985161,1302000
53,49.48,49.57,49.040001,49.130001,38.693756,1290500
54,49.599998,49.709999,48.459999,48.57,38.252705,2177800
55,48.110001,48.68,47.950001,48.59,38.268459,1738100
56,48.57,49.32,48.560001,49,38.591373,1739300
57,49.23,49.299999,48.52,48.68,38.339344,2098500
58,48.310001,48.779999,48.07,48.700001,38.355091,1587300
59,48.73,49.349998,48.73,49.240002,38.780392,1880500
60,49.380001,49.619999,49.110001,49.599998,39.063911,1729000
61,49.84,50.099998,49.490002,49.66,39.111172,2071800
62,49.900002,50.360001,49.810001,50.09,39.449825,2390500
63,50.150002,50.220001,49.490002,50.009998,39.386822,2227200
64,49.959999,50.310001,49.689999,50.169998,39.512829,1848300
65,50.400002,50.490002,49.799999,49.799999,39.221436,1986500
66,49.389999,49.849998,49.299999,49.450001,39.298515,1786300
67,49.549999,49.68,49.310001,49.380001,39.242886,1455500
68,49.5,49.959999,49.48,49.82,39.592567,1468900
69,49.869999,49.889999,49.16,49.619999,39.433617,1984700
70,49.529999,49.689999,49.150002,49.41,39.266727,1625100
71,49.310001,49.439999,48.59,48.669998,38.678646,1568400
72,48.82,49.740002,48.779999,49.740002,39.528988,2776200
73,49.41,49.59,49.049999,49.259998,39.147522,3192800
74,49.25,49.700001,48.709999,48.84,38.813736,1880200
75,48.939999,49.259998,48.790001,48.98,38.925007,1948900
76,48.830002,48.93,48.57,48.59,38.615067,1609600
77,49.27,49.459999,49.189999,49.34,39.211094,1464300
78,49.450001,49.529999,49.169998,49.25,39.13958,1656200
79,49.25,49.290001,48.23,48.32,38.400497,2477300
80,48.369999,48.369999,47.009998,47.110001,37.4389,3945100
81,47.07,47.400002,46.759998,47.09,37.422989,2231600
82,47.23,47.32,46.93,46.98,37.335564,1647700
83,46.959999,47.029999,46.25,46.439999,36.906437,2769300
84,46.259998,46.599998,45.790001,46.279999,36.779285,2483100
85,46.549999,46.57,45.91,46.02,36.572651,2141000
86,46.060001,46.970001,45.880001,46.950001,37.311745,2214800
87,47.07,47.130001,46.720001,46.830002,37.216381,1144300
88,46.830002,46.900002,46.240002,46.34,36.826962,1598600
89,46.490002,46.98,46.330002,46.779999,37.176636,1438700
90,46.240002,46.439999,46.009998,46.32,36.811058,1929800
91,46.080002,46.27,45.77,46.02,36.572651,1524300
92,46.380001,46.82,46.290001,46.639999,37.065376,1527700
93,46.900002,47.029999,46.389999,46.459999,36.922325,2425700
94,46.080002,46.23,45.549999,45.740002,36.350132,2007100
95,45.57,46.299999,45.18,45.959999,36.524982,1635200
96,46.209999,46.700001,46.029999,46.639999,37.065376,1180700
97,46.77,46.849998,46.639999,46.68,37.097168,592100
98,47.220001,47.419998,46.950001,47.029999,37.375313,1440600
99,46.959999,47.029999,46.580002,46.970001,37.327637,1579800
100,48.02,48.240002,47.279999,47.490002,37.740879,1970600
101,47.700001,47.740002,47.290001,47.73,37.93161,1381900
102,47.740002,47.900002,47.470001,47.880001,38.050816,1492700
103,47.970001,47.98,47.290001,47.700001,37.907768,1991800
104,47.900002,48.09,47.549999,47.880001,38.050816,1189200
105,47.779999,48.16,47.68,48.060001,38.193863,1224600
106,48,48.16,47.59,47.939999,38.098511,1040900
107,47.84,47.91,47.610001,47.73,37.93161,1088800
108,47.810001,48.080002,47.450001,47.580002,37.812412,878200
109,47.720001,48.23,47.68,48.18,38.289234,1111500
110,48.259998,48.990002,48.240002,48.790001,38.774014,1704200
111,48.830002,49.220001,48.709999,48.959999,38.909107,1797800
112,49.360001,49.470001,49.060001,49.240002,39.131634,1649500
113,49.389999,49.41,48.77,48.91,38.86937,1273300
114,48.549999,49.02,48.389999,49,38.940903,1358200
115,48.93,49.41,48.709999,49.400002,39.258789,1299200
116,49.400002,49.82,49.279999,49.540001,39.370052,1694400
117,49.310001,49.310001,48.970001,49.049999,38.980633,1266700
118,49.009998,49.259998,48.599998,48.810001,38.789902,1264800
119,48.990002,49.599998,48.950001,49.32,39.195206,1606400
120,49.189999,49.459999,49.049999,49.220001,39.11573,1663700
121,49.540001,49.68,49.099998,49.23,39.123676,1215700
122,49.419998,49.759998,49.330002,49.57,39.393883,1181500
123,49.91,50.5,49.869999,50.43,40.077339,1800600
124,50.68,50.700001,50,50.34,40.00581,1681800
125,50.540001,50.610001,50.009998,50.380001,40.037605,1737600
126,50.630001,51.150002,50.540001,50.990002,40.522385,804000
127,50.709999,50.889999,50.220001,50.799999,40.371376,1846800
128,50.470001,50.580002,50.150002,50.23,40.285572,1425000
129,50.419998,50.57,49.970001,50.529999,40.526169,1483300
130,50.5,50.860001,50.259998,50.669998,40.638447,988000
131,50.650002,50.669998,50.18,50.389999,40.413879,1198900
132,50.48,51.470001,50.41,51.189999,41.055504,1450600
133,51.209999,51.299999,51.02,51.299999,41.14373,868800
134,51.220001,51.669998,51.150002,51.549999,41.344223,872900
135,51.48,51.580002,51.119999,51.139999,41.015408,1245200
136,51.43,51.619999,51.02,51.560001,41.352257,1285900
137,51.799999,52.09,51.700001,51.810001,41.552746,1217000
138,51.880001,52.23,51.849998,52.029999,41.729202,930500
139,52.02,52.139999,51.639999,52.110001,41.793373,1245500
140,52.240002,52.240002,51.889999,52.040001,41.737221,1041100
141,52.220001,52.41,51.880001,51.98,41.689106,1040500
142,51.959999,52.209999,51.790001,51.919998,41.640972,1362000
143,51.950001,51.950001,50.939999,51.139999,41.015408,1914900
144,51.41,51.639999,51.099998,51.52,41.320164,1231800
145,51.529999,51.709999,51.259998,51.540001,41.336208,992800
146,51.720001,51.73,50.849998,51.200001,41.063522,1071600
147,51.16,51.490002,51.119999,51.32,41.159767,972400
148,51.169998,51.330002,50.849998,50.889999,40.814896,1026700
149,50.98,51.099998,50.689999,50.759998,40.710632,1088900
150,50.790001,50.880001,50.639999,50.68,40.646484,447000
151,50.689999,51,50.529999,50.91,40.830933,1192700
152,50.57,50.75,50.380001,50.73,40.686577,1267300
153,50.560001,50.709999,49.990002,50.060001,40.14922,1226700
154,49.93,50.43,49.91,50.110001,40.189316,920400
155,50.25,50.709999,50.139999,50.360001,40.389839,1021600
156,50.509998,50.540001,50.290001,50.34,40.373787,914100
157,50.650002,50.790001,50.5,50.610001,40.590328,1165100
158,50.560001,50.75,50.25,50.25,40.301598,917500
159,50.57,50.790001,50.16,50.650002,40.622417,1027900
160,50.740002,51.299999,50.639999,51.240002,41.095615,1931600
161,51.400002,51.529999,51.07,51.150002,41.023422,1280800
162,51,51.740002,50.93,51.48,41.288086,1235800
163,51.709999,51.77,51.48,51.75,41.504642,946700
164,51.82,52.09,51.75,51.939999,41.657021,1043200
165,52.040001,52.040001,51.639999,51.720001,41.480583,630000
166,51.419998,51.689999,51.099998,51.66,41.432453,1135500
167,51.509998,51.540001,51.169998,51.369999,41.199871,1574900
168,52.939999,53.959999,52.73,53.610001,42.996399,3165300
169,54.110001,54.540001,54.040001,54.5,43.71019,2871200
170,54.310001,54.470001,53.84,54.07,43.365322,1896500
171,53.970001,54.900002,53.759998,54.450001,43.670101,2515900
172,54.849998,54.880001,54.459999,54.66,43.838524,1149100
173,54.650002,54.900002,54.389999,54.470001,43.686138,1408000
174,54.830002,54.91,54.419998,54.810001,43.958832,1755100
175,54.970001,55.029999,54.720001,54.77,43.926746,1209000
176,54.970001,55.189999,54.889999,55.049999,44.151302,1214000
177,55.060001,55.240002,54.990002,55.23,44.295677,1131100
178,55.32,55.400002,55.049999,55.360001,44.399933,2138800
179,55.369999,55.52,54.740002,54.900002,44.03101,1527900
180,55.099998,55.529999,54.93,55.330002,44.375874,1618700
181,55.509998,55.779999,55,55.59,44.5844,1425000
182,55.580002,56.130001,55.580002,55.950001,44.873127,1031100
183,56.029999,56.349998,55.919998,56.060001,44.961353,993800
184,56.110001,56.490002,56.029999,56.209999,45.08165,1188800
185,56.290001,56.41,55.810001,56.049999,44.953339,1253400
186,56.299999,56.849998,56.299999,56.349998,45.193939,1599900
187,56.279999,56.709999,56.259998,56.459999,45.282166,1141700
188,56.490002,56.610001,56.259998,56.27,45.129776,1068700
189,56.299999,57.09,56.27,56.950001,45.675148,1293400
190,56.939999,57.43,56.939999,57.41,46.044079,1386400
191,57.5,57.59,57.060001,57.279999,45.939819,1470800
192,56.580002,56.610001,56.169998,56.240002,45.487686,1368400
193,56.23,56.23,55.91,56.16,45.422985,1092700
194,56.150002,56.240002,55.919998,55.959999,45.261223,520600
195,56.330002,56.889999,56.310001,56.799999,45.940624,1113000
196,56.830002,57.119999,56.82,57.07,46.159,1199900
197,57.040001,57.200001,56.82,56.950001,46.061939,1305400
198,56.939999,57.02,56.77,56.91,46.029594,1048800
199,56.790001,56.970001,56.700001,56.75,45.900185,1190600
200,56.759998,56.959999,56.68,56.84,45.972984,1990200
201,57,57.470001,56.990002,57.330002,46.369297,1172000
202,57.040001,57.790001,57.040001,57.630001,46.611942,1336000
203,57.48,57.57,56.75,56.82,45.956806,1527100
204,56.790001,56.860001,56.490002,56.549999,45.738422,900000
205,56.669998,56.810001,56.549999,56.709999,45.867828,1088300
206,56.790001,56.93,56.119999,56.360001,45.584751,1242500
207,56.439999,56.549999,56.259998,56.369999,45.592838,852000
208,56.23,56.75,55.990002,56.740002,45.892101,1145900
209,56.66,56.880001,56.59,56.799999,45.940624,884700
210,56.549999,57.060001,56.5,56.849998,45.981068,996800
211,57.02,57.150002,56.779999,56.869999,45.99725,1227400
212,57.169998,57.349998,56.830002,57.32,46.361214,969900
213,57.490002,57.619999,57.189999,57.419998,46.442093,688900
214,57.380001,57.639999,57.27,57.599998,46.587673,561400
215,57.470001,57.490002,57.16,57.48,46.490616,650300
216,57.630001,57.709999,57.369999,57.599998,46.587673,651000
217,57.419998,57.580002,57.25,57.57,46.563419,673200
218,57.43,57.509998,57.060001,57.330002,46.369297,564500
219,56.950001,57.290001,56.860001,57.169998,46.239883,667000
220,57.060001,57.369999,56.869999,57.23,46.288414,701700
221,56.799999,57.259998,56.740002,57.099998,46.183266,689900
222,57.169998,57.540001,57.169998,57.389999,46.417831,562200
223,57.23,57.740002,57.130001,57.630001,46.611942,775900
224,57.470001,57.799999,57.400002,57.650002,46.628128,736400
225,57.939999,58.290001,57.849998,58.080002,46.975914,975000
226,58.259998,58.759998,58.240002,58.669998,47.453102,1123500
227,58.52,58.529999,58.32,58.380001,47.218555,297000
228,58.48,58.48,58.049999,58.07,46.967819,582800
229,58.060001,58.150002,57.790001,58.02,46.92738,950600
230,58.029999,58.419998,57.759998,58.380001,47.218555,1155500
231,57.029999,58.060001,56.34,56.939999,46.053856,2905000
232,57.450001,58.049999,57.419998,57.790001,46.741352,1653400
233,58.189999,58.290001,57.779999,57.810001,46.757526,868900
234,58,58.200001,56.869999,57.040001,46.134743,1307400
235,57.029999,57.240002,56.57,56.599998,45.778866,1464100
236,56.400002,56.740002,56.049999,56.52,45.714157,920300
237,56.650002,56.860001,56.459999,56.630001,45.803123,752300
238,56.470001,56.709999,56.380001,56.549999,45.738422,627400
239,56.57,56.689999,56.43,56.57,45.754604,865600
240,56.580002,56.779999,56.360001,56.419998,45.633274,1044600
241,56.470001,56.470001,56.110001,56.200001,45.455338,996400
242,56.290001,56.310001,55.73,55.790001,45.123722,1041100
243,56.080002,56.669998,55.919998,56.34,45.568573,859900
244,56.389999,56.580002,56.259998,56.349998,45.57666,783200
245,56.639999,56.700001,56.209999,56.5,45.697983,788600
246,56.779999,57.41,56.759998,57.200001,46.264145,1025300
247,56.91,57.400002,56.91,57.369999,46.401653,705000
248,57.330002,57.400002,56.990002,57.16,46.231808,339700
249,57.57,58.23,57.549999,57.970001,46.88694,1147400
250,58.150002,58.419998,57.810001,58.400002,47.234734,1310300
251,58.57,58.669998,58.16,58.580002,47.38031,1041900
252,58.82,59.150002,58.52,58.91,47.647228,1424500
253,58.880001,59.360001,58.880001,59.169998,47.857517,854000
254,59.43,59.889999,59.27,59.830002,48.391338,1233800
255,60.360001,60.509998,60.139999,60.349998,48.811913,1015700
256,60.27,60.540001,60.16,60.200001,48.690598,1047100
257,59.599998,59.75,59.07,59.349998,48.391369,1091100
258,59.18,59.630001,58.759998,58.98,48.089672,1289000
259,59.130001,59.189999,58.740002,58.82,47.959221,829600
260,58.900002,58.98,58.630001,58.860001,47.991829,1012000
261,59.209999,59.299999,58.860001,59,48.105984,1280700
262,59.220001,59.439999,58.68,59.16,48.236446,1251500
263,59.130001,59.380001,58.98,59.369999,48.407669,894300
264,59.41,59.799999,59.23,59.25,48.309822,894600
265,59.5,60.220001,59.5,59.720001,48.693043,1062300
266,59.75,60.09,59.41,59.93,48.864269,1132100
267,60.310001,60.380001,59.549999,60.02,48.937649,1521000
268,60.119999,60.450001,59.700001,60.18,49.068108,1214500
269,60.130001,60.380001,59.959999,60.119999,49.019176,1236700
270,60,60.240002,59.830002,60.23,49.108875,1459000
271,60.049999,60.650002,60.009998,60.549999,49.369789,1297800
272,60.73,61.060001,60.619999,60.810001,49.581772,1263800
273,60.73,61.029999,60.279999,60.799999,49.573627,1290900
274,60.360001,60.720001,59.490002,59.5,48.51366,1384900
275,58.919998,59.060001,57.110001,57.189999,46.630192,2185200
276,55.799999,57.43,55.150002,57.299999,46.719879,2446100
277,57.400002,57.52,56.889999,57.060001,46.524193,1472800
278,57.130001,57.139999,56.130001,56.330002,45.928986,1936200
279,56.57,56.57,55.349998,56.220001,45.839294,1876900
280,56.599998,56.810001,56.080002,56.599998,46.149136,1224200
281,56.650002,56.84,56.470001,56.73,46.255123,1050300
282,56.580002,58.150002,56.290001,57.869999,47.184628,1467500
283,58.18,58.400002,57.52,58.290001,47.527081,1057400
284,58.080002,58.259998,57.75,57.810001,47.135712,1389900
285,57.529999,57.75,57.16,57.360001,46.768795,1370400
286,57.459999,58.240002,57.439999,57.77,47.103104,1087100
287,58.02,58.16,57.459999,57.610001,46.972641,1624300
288,57.849998,58.43,57.709999,58.43,47.641232,1148500
289,58.490002,58.900002,58.209999,58.849998,47.983685,1161600
290,58.610001,59.360001,58.41,58.959999,48.073372,1818300
291,58.970001,59.169998,57.970001,57.970001,47.266171,1937700
292,58.439999,58.669998,57.970001,58.41,47.62492,2401300
293,57.889999,57.990002,57.25,57.889999,47.200939,2562800
294,57.16,58.119999,57.040001,58.02,47.306934,1523900
295,58.459999,58.889999,58.290001,58.669998,47.836918,1774100
296,58.25,58.830002,58.16,58.82,47.959221,1169300
297,58.900002,59.060001,58.5,58.84,47.975525,1625700
298,59.150002,59.279999,58.630001,59.200001,48.269054,1585100
299,59.240002,59.27,58.84,58.98,48.089672,1191000
300,59.060001,59.130001,58.220001,58.330002,47.559696,1320800
301,58.650002,58.73,58.279999,58.5,47.698303,1225100
302,58.459999,58.490002,58.029999,58.279999,47.518936,817200
303,58.23,58.610001,58.02,58.029999,47.31509,1005100
304,58.119999,58.130001,57.529999,57.919998,47.225403,904400
305,57.950001,58.470001,57.830002,58.360001,47.584152,1263100
306,58.700001,59.439999,58.599998,59.18,48.252747,1543700
307,58.860001,58.939999,57.619999,57.93,47.233547,1516300
308,58.200001,58.400002,56.799999,56.849998,46.352966,1774700
309,57.310001,57.459999,56.509998,57.09,46.548653,1873400
310,57.18,57.34,56.009998,56.27,45.880066,1507500
311,56.200001,56.830002,56.009998,56.099998,45.741451,2072700
312,56.650002,56.91,55.900002,56.849998,46.352966,1589500
313,56.849998,56.91,55.689999,56.240002,45.855602,1799600
314,56.610001,56.779999,55.700001,56.099998,45.741451,1715700
315,55.27,56.200001,55.029999,56.049999,45.700687,1844100
316,56.299999,56.75,56.119999,56.650002,46.189899,1415200
317,56.290001,56.509998,55.529999,55.869999,45.553921,1530400
318,55.650002,56.209999,55.389999,55.869999,45.98521,1101800
319,56.560001,56.599998,56.09,56.189999,46.2486,1346700
320,55.970001,56.41,55.849998,55.880001,45.993443,961300
321,55.93,56,55.459999,55.830002,45.952293,1051000
322,56.209999,56.209999,55.360001,55.439999,45.631283,997000
323,55.790001,55.810001,55.200001,55.490002,45.672451,1369200
324,55.709999,55.919998,55.540001,55.740002,45.878204,1359200
325,55.82,56.110001,55.389999,55.41,45.606606,1352000
326,55.470001,55.610001,54.75,54.880001,45.170361,1294800
327,54.759998,55.400002,54.66,55.040001,45.302067,1217500
328,55.060001,55.240002,54.860001,55.040001,45.302067,886200
329,55.25,55.630001,55.200001,55.389999,45.590137,963100
330,55.240002,55.68,55.02,55.529999,45.705364,866500
331,55.720001,56.25,55.650002,56.009998,46.100445,1194700
332,56.130001,56.32,56,56.150002,46.215675,935800
333,56.23,56.689999,56.150002,56.150002,46.215675,955500
334,56.130001,56.360001,55.75,56.240002,46.289753,1345900
335,56.310001,56.900002,56.310001,56.509998,46.511978,1140800
336,56.459999,56.84,56.060001,56.470001,46.479061,1607000
337,56.18,57.02,56.099998,56.689999,46.660133,1239900
338,56.82,57.18,56.75,56.91,46.841202,892500
339,56.709999,56.790001,56.419998,56.77,46.725983,1395200
340,57.119999,57.700001,56.889999,57.580002,47.392673,1101600
341,58.169998,58.380001,58,58.27,47.96059,1109700
342,58.23,58.599998,58.150002,58.380001,48.051136,1029700
343,58.610001,58.970001,58.549999,58.619999,48.248669,879100
344,58.200001,58.799999,58.07,58.610001,48.240433,1042100
345,58.810001,59.09,58.630001,59.080002,48.627289,757000
346,58.93,59.139999,58.790001,59.060001,48.610825,714700
347,58.75,58.759998,58.310001,58.669998,48.289825,826400
348,58.880001,58.889999,58.720001,58.860001,48.446205,657700
349,59.009998,59.73,59.009998,59.189999,48.717827,1196900
350,58.650002,59.040001,58.529999,58.869999,48.454437,1059800
351,59.200001,59.540001,58.580002,58.830002,48.421513,1352400
352,58.509998,59.130001,58.470001,58.959999,48.528515,1304600
353,58.470001,58.529999,57.669998,57.939999,47.688984,1961400
354,58.330002,58.939999,58.080002,58.779999,48.380352,1600000
355,58.450001,58.73,57.93,58.389999,48.059364,1450000
356,58.490002,58.490002,57.68,57.919998,47.67252,1226300
357,58.169998,58.369999,58,58.09,47.812443,828900
358,58.009998,58.130001,57.75,57.93,47.680744,967900
359,58.41,58.459999,58.130001,58.200001,47.902981,912200
360,58.349998,58.59,58.049999,58.23,47.927666,733600
361,58.259998,58.290001,57.959999,58.16,47.870056,934000
362,57.900002,58.16,57.849998,57.950001,47.697208,949100
363,58.099998,58.240002,57.880001,58.169998,47.878288,999900
364,58.34,58.75,58.290001,58.450001,48.108746,1016900
365,58.630001,58.73,58.029999,58.189999,47.894745,932600
366,57.75,57.93,57.360001,57.389999,47.23629,1410600
367,57.360001,57.75,57.169998,57.639999,47.442051,776300
368,57.259998,57.43,56.91,57.189999,47.071671,1105700
369,57.380001,57.82,57.279999,57.66,47.458519,998900
370,57.52,58.009998,57.509998,57.849998,47.614899,1886100
371,58,58.139999,57.860001,57.98,47.721901,715100
372,57.860001,57.939999,57.080002,57.32,47.178669,1022200
373,57.470001,57.77,57.259998,57.48,47.310368,1074300
374,57.549999,57.830002,56.82,56.860001,46.800053,1086400
375,56.939999,57.169998,56.799999,57.110001,47.005829,730700
376,57.450001,57.98,57.450001,57.860001,47.623135,1363800
377,57.52,57.740002,57.02,57.419998,47.260979,596000
378,58.029999,58.189999,57.48,57.66,47.458519,508700
379,58.189999,58.200001,57.549999,57.630001,47.433819,853000
380,57.630001,57.990002,57.490002,57.970001,47.713669,799200
381,57.799999,57.959999,57.59,57.860001,48.047501,895000
382,57.799999,58.139999,57.650002,58.099998,48.246788,805500
383,57.84,58.18,57.439999,57.560001,47.798367,965600
384,57.959999,58.119999,57.75,58.029999,48.18866,782600
385,57.950001,57.950001,57.5,57.689999,47.906319,800500
386,57.77,58.040001,57.77,57.900002,48.080715,707500
387,57.75,57.939999,57.599998,57.709999,47.922928,769400
388,57.709999,57.830002,57.41,57.759998,47.964451,802700
389,57.349998,57.689999,57.34,57.52,47.765156,2170800
390,57.880001,58.040001,57.77,57.91,48.089016,855300
391,57.91,57.93,57.669998,57.77,47.972759,693700
392,57.880001,58.299999,57.849998,57.91,48.089016,2774000
393,58.099998,59.040001,58.02,59,48.994164,1142800
394,58.990002,58.990002,58.57,58.580002,48.645386,993100
395,58.73,58.959999,58.57,58.779999,48.811466,823800
396,59.009998,59.240002,58.959999,58.98,48.977547,949900
397,59.040001,59.349998,58.779999,59.18,49.143635,1146700
398,59.32,59.669998,59.18,59.369999,49.301407,834700
399,59.200001,59.330002,58.650002,59.25,49.201763,744200
400,59.34,59.34,59.150002,59.240002,49.193466,869400
401,59.16,59.389999,59,59.290001,49.234989,468500
402,59.459999,59.59,58.529999,58.689999,48.73674,1598800
403,58.84,59.43,58.59,59.27,49.218372,878400
404,59.27,59.669998,59.27,59.59,49.4841,797900
405,59.130001,59.27,58.740002,58.970001,48.969246,959400
406,58.880001,59.360001,58.869999,59.040001,49.027386,1210000
407,59.310001,59.84,59.310001,59.790001,49.650181,1130400
408,59.349998,59.470001,58.950001,59.209999,49.168545,2022400
409,59.380001,59.799999,59.380001,59.52,49.425968,736600
410,59.970001,60.41,59.849998,60.299999,50.073692,2630100
411,60.369999,60.540001,60.169998,60.369999,50.131828,1431900
412,60.540001,60.77,60.299999,60.32,50.090298,1709400
413,60.439999,60.75,60.34,60.669998,50.380951,1017800
414,60.41,60.52,60.049999,60.110001,49.915916,763900
415,60.310001,60.490002,60.139999,60.25,50.032177,1045700
416,60.380001,60.880001,60.349998,60.860001,50.538719,961900
417,61.099998,61.299999,60.849998,61.060001,50.704811,1296700
418,61.119999,61.470001,61,61.419998,51.003746,1535900
419,61.040001,61.310001,60.689999,60.799999,50.488903,1180100
420,60.439999,60.849998,60.330002,60.5,50.239777,1250600
421,59.619999,59.830002,59.189999,59.77,49.633575,1695300
422,59.790001,60.299999,59.73,60.25,50.032177,1375000
423,60.25,60.580002,59.869999,60.549999,50.281288,1610000
424,60.490002,60.59,60.23,60.41,50.165039,1120000
425,60.52,60.709999,60.310001,60.34,50.106907,987300
426,60.380001,60.529999,60.130001,60.349998,50.115215,943300
427,60.5,60.709999,60.290001,60.48,50.223167,1028100
428,60.599998,60.720001,60.389999,60.490002,50.23148,2100500
429,60.560001,60.57,60.200001,60.540001,50.272995,679800
430,60.52,61,60.490002,60.740002,50.439072,1756400
431,60.950001,61.380001,60.860001,61.380001,50.970539,883400
432,61.419998,61.540001,61.169998,61.369999,50.962234,1150300
433,61.669998,61.959999,61.59,61.82,51.335915,1746300
434,61.860001,62,61.580002,61.619999,51.169834,886600
435,61.790001,61.900002,61.32,61.34,50.937321,1688200
436,61.450001,61.59,60.959999,60.98,50.638371,1675600
437,61.009998,61.220001,60.830002,60.880001,50.555328,1405400
438,60.830002,61.080002,60.73,60.82,50.505508,1213000
439,61.18,61.23,60.669998,60.799999,50.488903,1385700
440,61.650002,61.790001,60.810001,61.150002,50.779537,1144900
441,61.060001,61.130001,60.200001,60.450001,50.19825,1014900
442,60.639999,60.639999,60.16,60.290001,50.065392,1718600
443,60.380001,60.380001,59.41,59.720001,49.59206,2076000
444,59.860001,59.860001,59.27,59.470001,49.384453,1260400
445,59.41,59.439999,58.91,59.200001,49.160244,810600
446,58.75,59.18,58.5,59.080002,49.492821,1477800
447,59.009998,59.009998,58,58.029999,48.613201,1992200
448,57.509998,57.759998,56.82,56.919998,47.683327,2847700
449,57.77,57.830002,56.369999,56.990002,47.74197,1734800
450,57.25,57.32,56.669998,57.009998,47.758728,1185600
451,57.18,57.869999,57.18,57.82,48.437286,1086500
452,57.830002,57.869999,57.259998,57.619999,48.269741,863100
453,57.470001,57.470001,56.619999,56.82,47.599564,2130000
454,56.849998,56.990002,56.400002,56.400002,47.247711,1427800
455,56.509998,56.639999,56.060001,56.110001,47.004772,1093700
456,55.32,56.549999,55.23,56.27,47.138813,1834200
457,56.27,56.52,55.439999,55.490002,46.485394,2006200
458,55.790001,55.830002,55.18,55.43,46.43512,2173200
459,54.900002,55.310001,54.369999,55.189999,46.234062,1435600
460,55.59,56,54.77,55.110001,46.167053,1245900
461,55.169998,55.599998,54.66,55.549999,46.535648,1554600
462,55.970001,56.07,55.419998,55.459999,46.460255,1721000
463,55.93,56,55.290001,55.490002,46.485394,1559800
464,55.740002,56.130001,55.169998,55.630001,46.602665,1363800
465,55.709999,56.139999,55.709999,55.84,46.778591,1805200
466,55.799999,55.880001,55.400002,55.830002,46.770214,1106100
467,56.16,56.259998,55.919998,55.990002,46.904247,1201400
468,56.07,56.25,55.700001,55.880001,46.812099,962200
469,55.73,55.900002,55.25,55.459999,46.460255,935900
470,55.5,55.560001,54.75,54.799999,45.907349,945100
471,54.779999,55.599998,54.779999,55.169998,46.217312,1044000
472,55.459999,55.650002,54.549999,55.02,46.091656,1102300
473,54.779999,55.549999,54.709999,55.369999,46.384846,1446700
474,55.220001,55.349998,54.91,55.18,46.225689,1243400
475,55.02,55.09,54.139999,54.41,45.580639,1597600
476,53.919998,53.970001,52.830002,52.919998,44.332432,1820200
477,53.02,54.130001,52.959999,53.700001,44.985859,1239800
478,53.52,53.860001,53.360001,53.689999,44.977474,609600
479,54.299999,54.59,54.110001,54.130001,45.346081,1077400
480,54.080002,54.259998,53.799999,54.130001,45.346081,1406900
481,54.34,55.48,54.279999,55.48,46.477001,1774800
482,55.66,55.880001,54.950001,55.25,46.284325,1149500
483,54.970001,55.369999,54.950001,55.299999,46.326218,1453600
484,56.32,56.459999,54.91,55.220001,46.259201,1384800
485,54.900002,55.130001,54.169998,54.189999,45.396343,1907900
486,53.259998,53.27,51.959999,52.790001,44.223526,2507500
487,53.009998,53.439999,52.439999,52.490002,43.972206,1928200
488,52.349998,52.529999,51.779999,51.93,43.503082,1740000
489,52.459999,52.720001,51.77,51.860001,43.444443,1706200
490,52.459999,52.700001,52.080002,52.220001,43.746029,1694400
491,52.349998,52.66,52.110001,52.220001,43.746029,1461900
492,51.830002,52.119999,51.73,52,43.561722,1630500
493,51.810001,52.540001,51.07,51.310001,42.9837,2091900
494,51.310001,51.580002,50.75,50.900002,42.640228,2129700
495,51.060001,51.48,50.040001,50.130001,41.995178,2578400
496,49.849998,50.400002,49.59,49.810001,41.727104,2343500
497,49.689999,49.799999,48.740002,48.759998,40.847492,3111400
498,48.43,48.919998,48.240002,48.310001,40.470512,1280800
499,48.25,49.669998,47.73,49.529999,41.492542,1210800
500,49.049999,49.630001,48.599998,49.630001,41.576321,1750800
501,49.919998,50,49.43,49.52,41.484165,2313800
502,49.869999,49.959999,49.549999,49.720001,41.651711,1262900
503,49.330002,50.380001,49,50.259998,42.10408,1438000
504,50.32,50.349998,49.59,49.970001,41.861137,1666300
505,50.66,50.880001,50.349998,50.759998,42.522949,1558000
506,51.18,51.18,50.639999,50.91,42.648605,1652400
507,51.080002,51.279999,50.57,51.110001,42.816147,1399600
508,50.950001,51.759998,50.919998,51.580002,43.641079,1668000
509,51.5,52.049999,51.200001,51.950001,43.954128,1394000
510,51.93,51.93,51.5,51.860001,43.877979,1545600
511,51.720001,52.040001,51.630001,51.700001,43.742611,1614000
512,51.650002,52.400002,51.630001,52.279999,44.233341,1759200
513,52.669998,53.5,52.650002,53.279999,45.079418,1414200
514,53,53.779999,52.84,53.75,45.477081,1294600
515,54.220001,54.68,54.110001,54.509998,46.120106,1612600
516,54.240002,54.389999,53.759998,54.189999,45.849369,1517600
517,54.369999,54.759998,54.07,54.09,45.764755,2056700
518,54.009998,54.52,53.970001,54.419998,46.043972,1506000
519,54.950001,55.139999,54.68,55.060001,46.585461,760600
520,54.549999,55.220001,54.509998,55.209999,46.712368,1155800
521,55.259998,55.700001,55.220001,55.650002,47.084652,2283400
522,55.82,56.23,55.700001,56.080002,47.448463,1456400
523,55.990002,56.389999,55.959999,56.310001,47.643074,1512300
524,56.52,56.93,56.330002,56.380001,47.702286,1388500
525,56.389999,56.77,56.27,56.610001,47.896893,983800
526,56.799999,56.810001,56.490002,56.77,48.032265,907100
527,56.549999,56.869999,56.540001,56.610001,47.896893,1080200
528,56.459999,56.459999,55.689999,56.080002,47.448463,1478300
529,56.07,56.369999,55.759998,56.279999,47.617676,968700
530,56.299999,56.369999,55.59,55.630001,47.067726,1169300
531,56.040001,56.43,55.98,56.34,47.668446,1058500
532,56.5,56.709999,56.43,56.459999,47.769978,745900
533,56.139999,56.299999,55.84,56.169998,47.524612,1058900
534,56.459999,57.110001,56.389999,56.91,48.150711,1143100
535,56.75,57.310001,56.599998,57.259998,48.446838,1176100
536,57.290001,58,57.25,57.889999,48.979889,947400
537,57.860001,57.970001,57.52,57.779999,48.886814,948200
538,57.91,58.16,57.740002,58.009998,49.081406,765100
539,58.099998,58.459999,58.029999,58.060001,49.123714,916500
540,58.02,58.459999,57.900002,58.290001,49.31831,998900
541,58.490002,58.869999,58.32,58.740002,49.699055,1277900
542,56.860001,57.959999,56.77,57.380001,48.548378,3572500
543,57.48,57.610001,56.439999,56.5,47.803822,1712200
544,56.689999,56.939999,56.150002,56.439999,47.753056,1494300
545,56.330002,56.400002,56,56.279999,47.617676,1390100
546,56.16,56.220001,55.619999,55.779999,47.194645,1061300
547,55.720001,55.93,55.189999,55.400002,46.873131,1419100
548,55.130001,55.919998,55.130001,55.830002,47.236946,1023600
549,55.790001,56.16,55.75,56.09,47.456928,747400
550,56.150002,56.310001,55.900002,56.279999,47.617676,836000
551,56.490002,56.66,56.349998,56.57,47.863045,782200
552,56.5,56.52,56.259998,56.290001,47.626141,868100
553,56.400002,56.66,56.290001,56.59,47.879967,962600
554,56.630001,57.130001,56.580002,57.110001,48.319939,780900
555,57.470001,57.599998,56.91,57.02,48.243782,1963800
556,56.91,57.09,56.57,56.779999,48.040718,1695800
557,56.5,56.52,55.889999,56.029999,47.406158,1701200
558,55.669998,55.669998,54.970001,55.110001,46.627766,2176300
559,54.970001,55.18,54.599998,55.110001,46.627766,1225200
560,55.18,55.619999,54.91,55.060001,46.585461,1264400
561,54.91,54.939999,54.119999,54.41,46.0355,1731500
562,54.380001,54.52,54.09,54.369999,46.001667,2213200
563,54.810001,54.830002,54.240002,54.330002,45.967815,1214300
564,54.75,55.630001,54.560001,55.529999,46.983116,1447800
565,55.540001,55.889999,55.400002,55.650002,47.084652,998400
566,55.91,56.189999,55.77,55.860001,47.262321,1200100
567,55.880001,56.16,55.810001,56,47.380775,816700
568,55.98,55.990002,55.73,55.98,47.363853,766400
569,56.130001,56.34,55.860001,56.32,47.65152,1138000
570,55.5,55.669998,55.25,55.34,47.289207,1041100
571,55.299999,55.439999,55.049999,55.380001,47.323395,800900
572,55.130001,55.369999,55.07,55.150002,47.126854,1408600
573,55.57,55.880001,55.57,55.849998,47.725006,1216000
574,55.880001,56.169998,55.810001,55.970001,47.827557,801900
575,56.07,56.619999,55.970001,56.5,48.280453,1092000
576,56.73,57,56.619999,56.639999,48.400089,797300
577,56.639999,56.68,56.5,56.560001,48.331722,743500
578,56.439999,56.77,56.419998,56.549999,48.323177,1966500
579,56.299999,56.400002,56.009998,56.130001,47.964272,1250100
580,56.02,56.110001,55.34,55.48,47.408836,1300600
581,55.490002,55.779999,55.169998,55.669998,47.571198,877300
582,55.700001,56.119999,55.560001,56.07,47.913013,662800
583,56.119999,56.779999,56.060001,56.650002,48.40863,741700
584,56.630001,57.02,56.52,56.970001,48.682076,753900
585,56.990002,57.119999,56.57,56.650002,48.40863,950300
586,56.669998,56.779999,56.48,56.52,48.297543,660400
587,56.709999,57.009998,56.709999,56.970001,48.682076,656200
588,56.09,56.900002,56.049999,56.830002,48.562439,652000
589,56.299999,56.299999,55.830002,56.060001,47.904465,872700
590,56.040001,56.040001,55.68,55.68,47.579746,695100
591,55.450001,55.630001,54.950001,55.470001,47.400299,1323500
592,55.459999,55.599998,54.790001,55.380001,47.323395,1342600
593,54.700001,54.869999,54.48,54.73,46.767956,1282300
594,54.91,55.299999,54.700001,54.939999,46.947395,969000
595,54.57,55.130001,54.529999,55.07,47.058483,1006500
596,55.25,55.43,55.029999,55.27,47.229393,1076100
597,54.990002,55.34,54.75,55.25,47.212299,833800
598,55.139999,55.689999,55.049999,55.610001,47.519924,2028300
599,55.529999,55.529999,55.200001,55.470001,47.400299,1318600
600,55.360001,55.41,54.939999,54.970001,46.973038,1131400
601,54.790001,56.09,54.740002,56.009998,47.861732,1654400
602,56.34,56.810001,56.209999,56.639999,48.400089,1240100
603,56.75,56.98,56.400002,56.400002,48.194992,1190100
604,56.299999,56.459999,55.419998,55.599998,47.511379,1164900
605,55.84,55.98,55.240002,55.43,47.366112,1104300
606,54.889999,55.040001,54.560001,54.650002,46.699589,946800
607,54.650002,55,54.43,54.810001,46.836315,1032900
608,55.34,55.84,54.950001,55.790001,47.673744,1123400
609,56.040001,56.110001,55.73,56.040001,47.887375,979400
610,56.119999,56.470001,56.049999,56.389999,48.186455,628400
611,56.669998,57.07,56.59,56.700001,48.451359,730200
612,57.029999,57.130001,56.830002,56.84,48.570995,641800
613,57.119999,57.459999,56.75,56.98,48.690624,2002300
614,56.77,56.93,56.240002,56.259998,48.075367,728600
615,56.400002,56.57,56.27,56.380001,48.177906,1005400
616,56.209999,56.650002,56.02,56.599998,48.36591,729200
617,56.610001,57.049999,56.48,56.599998,48.36591,604100
618,56.759998,57.540001,56.75,57.450001,49.092243,752200
619,57.529999,58.09,57.529999,57.950001,49.519505,1119400
620,58.66,58.66,57.790001,58.16,49.698963,786800
621,58.07,58.259998,57.880001,57.93,49.502415,771200
622,57.950001,58.68,57.939999,58.299999,49.818592,756900
623,58.259998,58.310001,57.790001,57.970001,49.536602,909500
624,58.23,58.439999,58.009998,58.110001,49.656231,720900
625,58.18,58.48,57.91,58.099998,49.647686,690000
626,58.380001,58.459999,58.200001,58.360001,49.869862,662800
627,58.84,58.849998,58.470001,58.599998,50.07494,432300
628,58.700001,58.91,58.59,58.77,50.220215,1881100
629,59,59.360001,59,59.290001,50.664574,1968500
630,59.48,59.549999,59.200001,59.41,50.767109,1878200
631,59.400002,59.400002,59.02,59.119999,50.519299,839200
632,58.330002,58.75,58.209999,58.52,50.489101,2558000
633,58.75,59.02,58.330002,58.419998,50.402824,984600
634,58.599998,58.779999,58.5,58.740002,50.678909,700600
635,58.669998,58.950001,58.630001,58.720001,50.661655,1039500
636,58.73,59.049999,58.509998,58.650002,50.601265,886600
637,58.82,58.880001,58.490002,58.66,50.609894,1046500
638,58.639999,58.990002,58.639999,58.810001,50.739304,912500
639,58.799999,59.220001,58.689999,59.09,50.980881,837800
640,59.02,59.310001,58.779999,58.790001,50.722054,861500
641,58.549999,58.810001,58.5,58.630001,50.584003,576300
642,58.549999,58.93,58.540001,58.790001,50.722054,629700
643,58.75,59.049999,58.639999,58.98,50.885975,1092700
644,59.07,59.099998,58.509998,58.689999,50.635773,944100
645,58.68,58.82,58.529999,58.669998,50.618515,764300
646,58.669998,59.18,58.669998,58.810001,50.739304,914000
647,58.619999,58.669998,58.330002,58.630001,50.584003,900000
648,58.419998,58.810001,57.93,58.439999,50.420078,1269100
649,58.290001,58.560001,57.43,57.509998,49.617702,1330100
650,57.290001,57.290001,56.5,56.98,49.160446,1013100
651,56.470001,56.470001,55.59,55.880001,48.211395,1388900
652,56.200001,56.34,55.299999,56.200001,48.487484,2366800
653,55.5,56.09,55.259998,55.900002,48.228649,1266100
654,56.290001,56.869999,55.900002,56.700001,48.918869,987300
655,56.700001,56.830002,56.189999,56.5,48.746315,807500
656,56.099998,56.299999,55.720001,55.830002,48.168266,850000
657,55.66,56.639999,55.400002,56.330002,48.599651,1086900
658,55.220001,55.5,54.450001,54.599998,47.107048,2220400
659,54.150002,54.5,53.549999,53.93,46.528999,1980800
660,54.310001,54.73,54.07,54.630001,47.132942,1760700
661,55.209999,55.209999,54.830002,54.860001,47.331379,899100
662,54.639999,54.669998,54.119999,54.139999,46.710182,1185200
663,54.619999,54.75,54.41,54.509998,47.0294,1033600
664,54.52,54.860001,54.5,54.59,47.098423,970100
665,54.32,54.82,53.669998,53.84,46.451355,1158400
666,54,54.349998,53.98,54.23,46.787834,883800
667,54.5,54.52,53.720001,53.959999,46.554882,1076400
668,53.77,54.110001,53.549999,53.84,46.451355,1415600
669,53.990002,54.369999,53.709999,54.099998,46.675667,1569700
670,54.139999,54.27,53.639999,54.189999,46.753319,1261600
671,53.82,53.880001,53.439999,53.669998,46.304676,1174700
672,54.07,54.279999,53.900002,54.189999,46.753319,1134200
673,54.630001,55.130001,54.470001,54.689999,47.184711,1074800
674,54.970001,55.48,54.790001,55.290001,47.702366,952700
675,55.700001,55.75,55.380001,55.59,47.961193,970600
676,55.549999,56.290001,55.549999,56.25,48.530617,1175600
677,56.110001,56.490002,55.529999,56.34,48.608273,2615800
678,56.139999,56.759998,55.91,56.540001,48.780823,2101900
679,56.27,56.849998,56.27,56.700001,48.918869,1845700
680,56.52,56.860001,56.369999,56.82,49.0224,1369200
681,56.630001,57.299999,56.52,57.150002,49.30711,1604800
682,57,57.400002,56.91,57.23,49.376125,871200
683,57.279999,57.889999,57.279999,57.549999,49.652214,812500
684,57.549999,58,57.459999,57.68,49.764374,933900
685,57.41,57.689999,57.349998,57.68,49.764374,604800
686,57.689999,58.02,57.330002,57.450001,49.565937,1079500
687,57.32,57.43,56.93,57.32,49.453781,918900
688,56.830002,57.470001,56.82,57.380001,49.505554,1178500
689,57.650002,58.049999,57.599998,57.889999,49.945557,1006300
690,57.98,58.509998,57.98,58.259998,50.26479,2216000
691,57.810001,58.09,56.73,56.880001,49.074173,4303000
692,56.360001,56.439999,54.599998,55.049999,47.4953,3380000
693,55.029999,55.209999,54.09,54.919998,47.383141,2733000
694,55.119999,55.509998,54.970001,55.490002,47.874924,1128500
695,55.439999,55.68,55.25,55.330002,47.736874,821600
696,55.130001,55.299999,54.84,54.869999,47.340004,1390000
697,54.580002,54.860001,54.259998,54.66,47.640697,1178100
698,54.799999,55.200001,54.669998,54.939999,47.884735,1125900
699,55.549999,56.18,55.439999,55.880001,48.704029,1211100
700,55.82,56.040001,55.66,56,48.808613,534600
701,56,56.66,55.869999,56.330002,49.096241,1105900
702,56.360001,56.59,56.16,56.27,49.043941,776200
703,56.610001,56.759998,56.110001,56.25,49.026508,730600
704,56.580002,56.709999,56.32,56.450001,49.200836,650300
705,56.52,56.939999,56.52,56.810001,49.514603,585700
706,56.799999,57.220001,56.799999,57.009998,49.688919,857700
707,56.869999,57.150002,56.82,57.049999,49.723774,591000
708,57.200001,57.259998,56.919998,57.23,49.880669,717300
709,57.139999,57.66,57.09,57.549999,50.159565,903000
710,57.639999,57.709999,57.5,57.560001,50.168282,825100
711,57.369999,57.790001,57.349998,57.439999,50.063702,862200
712,57.369999,57.450001,56.91,57.139999,49.802231,830600
713,56.919998,57.189999,56.75,57.07,49.741211,896800
714,57.220001,57.380001,57.07,57.349998,49.985256,1210100
715,57.560001,57.869999,57.529999,57.82,50.394901,3088200
716,57.880001,58.07,57.689999,57.75,50.333885,1650300
717,57.68,57.919998,57.549999,57.84,50.412334,779100
718,58.049999,58.200001,57.93,57.939999,50.499493,768100
719,57.82,57.950001,57.669998,57.889999,50.45591,557000
720,57.700001,58.049999,57.630001,58,50.551781,561500
721,58,58.220001,57.860001,57.860001,50.429768,682200
722,57.59,57.900002,57.459999,57.720001,50.307739,1482500
723,57.52,57.689999,57.419998,57.630001,50.229298,676500
724,57.799999,58,57.66,58,50.551781,552500
725,57.950001,58.139999,57.84,58.07,50.612797,1127100
726,58.139999,58.18,57.900002,58.009998,50.560501,694300
727,57.82,57.900002,57.48,57.560001,50.168282,849500
728,58.220001,58.32,57.57,58.139999,50.673805,1550400
729,58.25,58.25,57.75,57.959999,50.516914,991200
730,58,58.400002,57.98,58.279999,50.795826,963100
731,58.139999,58.139999,57.419998,57.950001,50.508205,1119400
732,58.07,58.119999,57.810001,57.889999,50.45591,951000
733,57.939999,57.959999,57.73,57.799999,50.37746,550700
734,57.700001,57.790001,57.200001,57.34,49.97654,1113700
735,57.080002,57.080002,56.639999,56.950001,49.636616,931900
736,57.139999,57.459999,56.900002,57.32,49.959106,2327400
737,56.68,56.799999,55.400002,55.400002,48.285667,2313500
738,55.639999,55.720001,55.27,55.349998,48.242088,1287600
739,55.369999,55.400002,54.950001,55.130001,48.050346,971500
740,55.060001,55.299999,54.73,55.110001,48.032909,974200
741,55.060001,55.299999,55.060001,55.25,48.15493,944600
742,55.119999,55.77,55.119999,55.669998,48.520992,1196900
743,55.790001,56.360001,55.369999,56.330002,49.096241,2327200
744,57.049999,57.049999,56.57,56.610001,49.340282,986100
745,56.389999,56.82,56.189999,56.740002,49.453598,933900
746,56.790001,56.84,56.290001,56.439999,49.19212,1555900
747,56.5,56.5,56.009998,56.080002,48.878345,938900
748,55.98,56.360001,55.849998,56.139999,48.930637,786000
749,56.130001,56.25,55.810001,55.919998,48.738892,679700
750,55.900002,55.900002,55.540001,55.880001,48.704029,521400
751,55.610001,55.970001,55.610001,55.93,48.747612,451500
752,56.189999,56.32,55.93,56.07,48.869637,620600
753,56.310001,56.32,55.860001,55.98,48.79118,731500
754,56.060001,56.220001,55.970001,56.130001,48.921921,779200
755,56.259998,56.57,56.150002,56.540001,49.279278,1002400
756,56.240002,56.509998,56.16,56.490002,49.235695,773800
757,56.240002,56.669998,56.189999,56.599998,49.331566,878600
758,56.52,56.599998,56.299999,56.34,49.104958,779200
759,56.299999,56.959999,56.25,56.669998,49.392567,1327000
760,56.130001,56.32,55.880001,55.990002,49.293972,883800
761,56.02,56.139999,55.779999,55.880001,49.197124,742200
762,55.939999,56.099998,55.709999,56.029999,49.329189,2038500
763,55.98,55.990002,55.759998,55.77,49.100292,1321700
764,55.619999,56.240002,55.619999,56.200001,49.478859,1497800
765,56.32,56.810001,56.259998,56.700001,49.919064,1093500
766,56.720001,56.950001,56.599998,56.740002,49.954285,1121300
767,56.599998,56.779999,56.389999,56.529999,49.76939,1094500
768,56.57,56.650002,56.349998,56.419998,49.672546,712500
769,56.240002,56.5,56.080002,56.5,49.742985,820400
770,56.540001,56.740002,56.240002,56.459999,49.707764,1986800
771,55.57,56.18,55.509998,56.080002,49.373215,1344500
772,56.16,56.400002,55.990002,56.389999,49.64613,968400
773,56.400002,56.650002,56.040001,56.040001,49.338001,914400
774,55.75,56.02,55.529999,55.919998,49.232342,890200
775,55.5,55.619999,55.049999,55.259998,48.651276,1236400
776,55.220001,55.700001,54.98,54.990002,48.413567,920700
777,55.470001,56.349998,55.470001,56.040001,49.338001,1020700
778,56.450001,56.75,56.279999,56.599998,49.831017,992800
779,56.869999,57.009998,56.650002,56.93,50.121555,596100
780,56.77,57.099998,56.630001,56.98,50.165577,896900
781,56.66,56.900002,56.599998,56.779999,49.989491,1327000
782,57,57.209999,56.82,56.919998,50.112747,1133300
783,57.139999,57.169998,56.77,56.84,50.042324,2181200
784,56.700001,56.82,56.349998,56.52,49.760586,1433700
785,56.52,56.860001,56.52,56.82,50.024708,1056500
786,56.529999,56.950001,56.48,56.82,50.024708,909400
787,56.98,57.220001,56.799999,57.119999,50.288834,669500
788,57.080002,57.5,57.040001,57.259998,50.41209,1053200
789,57.18,57.389999,57.099998,57.310001,50.456112,897000
790,56.080002,56.560001,55.77,56.240002,49.514072,1374900
791,56.220001,56.369999,55.029999,55.220001,48.61607,1597700
792,55.330002,55.82,54.849998,54.959999,48.38715,1478300
793,53.130001,53.240002,51.889999,52,45.781151,3429400
794,51.110001,52.07,50.380001,51.610001,45.437798,3088400
795,51.48,52.200001,50.580002,52.200001,45.95723,2459700
796,52.27,52.509998,50.560001,50.77,44.698246,3209000
797,51.360001,51.470001,50.529999,51.25,45.120842,2126500
798,50.5,50.529999,49.68,50.119999,44.125988,2200000
799,49.060001,49.23,48.32,48.779999,42.946247,7550800
800,43.860001,45.84,41.880001,41.990002,36.968281,4666600
801,44.509998,44.560001,42.150002,43.849998,38.605831,5738900
802,43.169998,43.299999,42.07,42.119999,37.082729,4856900
803,39.619999,39.639999,36.150002,37.41,32.93602,3988500
804,39.619999,43.439999,38.369999,43.419998,38.227264,4026300
805,37.349998,41.299999,36,39.25,34.555965,2615200
806,39.68,41.939999,39.040001,40.560001,35.709301,2603500
807,38.380001,39.169998,35.689999,37.939999,33.40263,2890200
808,37.040001,37.880001,35.59,37.43,32.953621,2419100
809,38.720001,40.23,36.060001,36.91,32.495811,3073300
810,36.080002,36.799999,33.740002,33.830002,29.784159,4336900
811,36.029999,38.869999,35.630001,38.66,34.036522,4074400
812,39.68,43.84,39.130001,41.41,36.457642,5632500
813,42.189999,44.490002,41.830002,42.849998,37.725422,4649400
814,41,41.990002,39.66,40.5,35.656479,3174100
815,40.220001,41.41,39.220001,41.299999,36.360794,3761400
816,40.889999,42.84,40.830002,42.389999,37.320438,3729500
817,40.439999,41.23,39.880001,40.02,35.233879,3619000
818,39.900002,41.27,39.48,40.189999,35.383545,2871600
819,40.139999,40.490002,39.02,39.439999,34.72324,2213500
820,40.849998,41.869999,40.459999,41.73,36.739376,4587500
821,43.549999,44.279999,42.470001,42.759998,37.646191,3449300
822,42.299999,42.990002,41.580002,42.82,38.203812,2532300
823,43.5,43.799999,42.389999,43.07,38.426865,3276100
824,43,43.189999,41.799999,42.169998,37.623878,3324600
825,42.830002,42.93,41.549999,42.25,37.695267,2088100
826,41.07,41.07,40.16,40.259998,35.919788,2262900
827,40.25,40.529999,38.669998,38.68,34.510128,2607400
828,40.009998,40.610001,39.619999,40.540001,36.169609,2537000
829,39.52,40.84,38.889999,40.299999,35.955479,2462600
830,39.130001,39.529999,38.439999,38.470001,34.322762,2423700
831,39.209999,39.299999,38.549999,38.669998,34.501205,2127600
832,38.880001,39.349998,38.66,38.66,34.492275,2346000
833,38.82,39,38.220001,38.900002,34.706409,2217400
834,39.220001,40.630001,38.849998,40.43,36.071465,2811400
835,41.52,42.02,41.34,41.41,36.945816,2496700
836,42.450001,43.529999,42.290001,43.450001,38.765892,2398900
837,42.59,42.799999,41.610001,41.77,37.26701,2541300
838,40.790001,41.009998,40.299999,40.560001,36.187458,1881300
839,40.18,40.84,39.740002,40.77,36.374813,2093400
840,41.59,41.75,40.400002,40.5,36.133923,1479300
841,40.689999,40.880001,39.990002,40.150002,35.821655,1704200
842,40.48,40.959999,40.080002,40.18,35.848415,2059600
843,40.759998,41.189999,40.380001,40.959999,36.544327,1700800
844,40.549999,41.32,40.240002,41.259998,36.811993,3553900
845,41.470001,41.639999,40.32,40.32,35.973324,2204800
846,40.48,40.509998,38.669998,38.849998,34.661797,7293600
847,38.290001,39.630001,37.619999,39.360001,35.116817,3500200
848,39.060001,39.369999,38.720001,38.950001,34.751015,1714700
849,40.360001,41.73,40.310001,41.57,37.08857,1647300
850,40.959999,41.07,39.880001,40.259998,35.919788,2441000
851,40.950001,41.41,40.790001,40.900002,36.490803,1842400
852,40.75,41.029999,40.07,40.290001,35.946568,2370300
853,40.110001,40.119999,39.060001,39.689999,35.41124,2140100
854,41.630001,43.529999,41.509998,43.360001,38.685596,3068300
855,44.099998,45.57,43.990002,45.43,40.532448,5513200
856,45.619999,45.869999,43.57,43.689999,38.98003,2422100
857,43.369999,43.700001,42.48,42.799999,38.185966,2493000
858,43.110001,44.650002,43.07,44.25,39.479652,2586500
859,44.75,45.639999,44.57,44.98,40.130955,1667900
860,45.810001,46.669998,45.549999,46.279999,41.29081,2053600
861,46.060001,46.669998,45.52,46.25,41.264042,1960100
862,48.380001,48.93,47.970001,48.369999,43.155495,1903900
863,49.41,49.509998,48.5,49.169998,43.869259,1905600
864,48.009998,48.610001,47.68,48.41,43.191181,4769500
865,48.18,48.360001,47.470001,47.52,42.397133,2483700
866,45.75,46.029999,44.439999,44.549999,39.747314,2644100
867,46.299999,46.580002,45.34,45.900002,40.951782,2513500
868,44.740002,46.360001,44.490002,45.59,40.675194,1977800
869,47.02,47.18,45.509998,46.169998,41.192669,2143800
870,46.200001,46.310001,45.389999,45.610001,40.693039,1476200
871,45.330002,45.869999,45.099998,45.419998,40.523521,1067400
872,46.029999,46.029999,45.049999,45.240002,40.36293,1595500
873,45.240002,45.459999,44.860001,45.389999,40.496758,969900
874,46,46.349998,45.279999,45.509998,40.603821,2146100
875,45.049999,45.18,44.130001,44.240002,39.470726,1878300
876,44.09,44.860001,43.860001,44.740002,39.916828,1379000
877,44.02,44.48,43.34,43.5,38.810505,1747200
878,43.869999,44.57,43.740002,44.099998,39.345818,2844900
879,43.84,44.860001,43.59,44.610001,39.800846,1427900
880,44.799999,45.130001,44.029999,44.060001,39.310139,984000
881,45.080002,45.560001,44.400002,44.650002,39.836529,1380700
882,45.48,45.549999,44.830002,45.23,40.354008,1725900
883,44.880001,44.93,44.169998,44.279999,39.506416,1707000
884,44.400002,44.669998,44.040001,44.630001,39.818687,3418700
885,44,44.130001,42.900002,43.23,39.08189,1951200
886,43.27,44.130001,43.259998,44.099998,39.868408,1546700
887,44.299999,44.91,43.990002,44.639999,40.356594,2074400
888,44.59,44.799999,44.099998,44.740002,40.446999,1660300
889,45.200001,46.110001,45.200001,45.709999,41.323925,1682000
890,45.150002,45.93,45.150002,45.549999,41.179276,1279700
891,45.580002,45.68,45.240002,45.389999,41.034626,908100
892,45.389999,45.709999,45.040001,45.540001,41.170235,978600
893,45.900002,46.48,45.900002,46.040001,41.622265,1105500
894,45.880001,46.009998,45.619999,45.869999,41.468571,830900
895,45.669998,46.049999,45.509998,45.650002,41.26968,989400
896,45.5,45.509998,44.900002,45.049999,40.727245,1480500
897,44.880001,44.990002,44.470001,44.93,40.618767,1667900
898,44.599998,44.810001,44.400002,44.549999,40.275234,1307000
899,44.57,44.990002,44.169998,44.919998,40.609726,1463200
900,44.169998,44.52,43.689999,44.52,40.248108,1357100
901,44.32,44.509998,43.970001,44.279999,40.031136,1513900
902,44.5,44.790001,44.16,44.5,40.23003,702800
903,44.450001,44.860001,44.259998,44.700001,40.410835,1070800
904,45.049999,45.419998,44.959999,45.279999,40.935177,753200
905,45.23,45.599998,45.110001,45.470001,41.106949,820400
906,45.27,45.779999,44.950001,45.77,41.37817,881800
907,45.919998,46.450001,45.799999,46.43,41.974846,1037900
908,47.07,47.900002,46.970001,47.470001,42.915051,1670700
909,48,48.599998,48,48.25,43.620197,1397500
910,48.060001,48.360001,47.869999,48,43.394188,1101800
911,47.639999,48.240002,47.509998,47.900002,43.303787,857600
912,47.900002,47.950001,47.619999,47.689999,43.11393,978600
913,47.75,47.84,47.169998,47.360001,42.815598,1622100
914,47.349998,47.830002,47.169998,47.23,42.698071,890500
915,46.790001,47.549999,46.779999,47.200001,42.670956,1376200
916,47.009998,47.189999,46.73,47.16,42.634792,1342900
917,47.540001,48.400002,47.52,48.400002,43.755806,1268500
918,48.779999,49.060001,48.560001,48.970001,44.271114,1349300
919,49.119999,50.599998,48.98,50.459999,45.618137,2851800
920,50.740002,51.34,50.16,50.560001,45.708553,2009600
921,50.939999,50.950001,49.91,50.200001,45.383091,1285500
922,50.139999,50.290001,49.73,49.860001,45.075714,1675200
923,49.639999,49.830002,49.32,49.650002,44.885864,1359200
924,49.650002,50.169998,49.650002,49.77,44.994343,1355900
925,49.75,50.040001,48.650002,48.869999,44.180706,1881700
926,49.439999,49.610001,48.009998,48.57,43.909496,1678200
927,47.799999,48.009998,47.380001,47.639999,43.068733,1621800
928,48.02,48.700001,47.869999,48.389999,43.746769,1924600
929,48.779999,48.779999,47.619999,47.73,43.150093,1321300
930,47.84,48.27,47.779999,47.990002,43.385147,1121300
931,48.400002,48.509998,47.959999,48.080002,43.466515,1121800
932,48.259998,48.439999,47.799999,47.950001,43.348988,1114000
933,47.990002,48.290001,47.459999,47.490002,42.933125,1242300
934,47.189999,47.52,46.830002,47.509998,42.951202,1303400
935,47.310001,47.48,46.93,46.939999,42.435902,1262400
936,46.009998,46.119999,45.130001,45.68,41.296803,2220700
937,45.700001,46.240002,45.450001,45.82,41.42337,1478200
938,45.950001,46.369999,44.98,45.279999,40.935177,1550800
939,45.049999,45.939999,44.849998,45.599998,41.224472,1433600
940,45.27,45.830002,45.02,45.810001,41.41433,997500
941,46.52,46.919998,46.43,46.630001,42.155647,1235700
942,46.450001,46.490002,45.619999,45.959999,41.549934,1224700
943,46.09,46.77,46.09,46.240002,41.803074,1324800
944,46.490002,46.59,46.029999,46.540001,42.074284,1076800
945,45.919998,47.150002,45.830002,46.939999,42.435902,1275100
946,47.32,48,47.169998,47.869999,43.276657,1186300
947,48.23,48.299999,47.330002,47.57,43.005451,4489800
948,47.869999,48.049999,47.619999,47.740002,43.159138,6092800
949,47.5,47.700001,47.209999,47.490002,43.475891,4854400
950,47.439999,47.560001,46.799999,46.880001,42.91745,2163200
951,46.740002,47,46.68,46.93,42.963226,1033600
952,46.639999,46.810001,45.799999,46,42.111832,2015500
953,46.150002,46.389999,45.610001,45.639999,41.782272,1977400
954,45.040001,45.98,44.860001,45.849998,41.974514,1220900
955,45.849998,46.18,45.630001,45.790001,41.919582,1303500
956,46.130001,46.130001,44.990002,45.110001,41.29707,1333900
957,45.380001,45.57,45.110001,45.119999,41.306217,1358800
958,45.080002,45.310001,44.849998,45.02,41.214668,944600
959,44.970001,45.740002,44.970001,45.669998,41.809723,977100
960,45.950001,46.060001,45.639999,46.060001,42.166763,995900
961,45.610001,45.82,44.889999,45.279999,41.452686,1154400
962,44.900002,45.099998,44.439999,44.59,40.821018,1350000
963,43.82,44.07,43.389999,43.43,39.759056,1698200
964,43.240002,44.34,42.900002,44.119999,40.390732,1496000
965,44,44.240002,43.639999,44.23,40.491447,1500100
966,44.82,44.82,44.130001,44.59,40.821018,1221400
967,45.349998,45.82,45.200001,45.580002,41.727337,1704400
968,45.290001,46.009998,44.779999,45.509998,41.663254,1660400
969,46.119999,46.299999,45.509998,45.549999,41.699871,1712900
970,46.009998,46.009998,45.349998,45.619999,41.763958,1196600
971,47.84,48.919998,47.82,48.310001,44.226578,2974500
972,48.41,49.540001,48.41,49.360001,45.187832,2059800
973,49.459999,49.869999,49.459999,49.75,45.544865,1320600
974,49.150002,49.459999,48.75,49.09,44.940655,1258900
975,49.25,49.599998,49.07,49.389999,45.215294,2499200
976,50.369999,50.549999,50.009998,50.540001,46.268085,1375200
977,50,51.330002,50,51.32,46.982159,1469200
978,51.509998,52.5,51.400002,52.209999,47.796932,1923300
979,51.939999,52.5,51.84,52.490002,48.053265,1482200
980,52.450001,52.630001,52.169998,52.619999,48.172276,1298700
981,52.939999,53.369999,52.82,53.349998,48.840576,1464600
982,53.990002,54.98,53.68,54.799999,50.168007,2042700
983,54.27,54.790001,53.689999,54.689999,50.067303,1413400
984,54.389999,55.060001,54.389999,54.610001,49.994076,579700
985,54.419998,54.689999,53.349998,53.73,49.188454,2060700
986,54.450001,54.91,54.41,54.669998,50.048996,1323500
987,54.66,55.16,54.389999,54.77,50.140545,1456800
988,55.25,55.580002,54.75,54.939999,50.296177,1689900
989,55.279999,55.48,54.919998,55.470001,50.781384,1492400
990,55.290001,55.610001,54.880001,55.490002,50.79969,850300
991,55.389999,55.84,55.389999,55.810001,51.092644,1201100
992,56.099998,56.700001,56.040001,56.5,51.724319,1299100
993,56.290001,56.98,56.200001,56.830002,52.026424,1184200
994,56.299999,56.52,56.09,56.34,51.577843,745300
995,56.799999,56.919998,56.060001,56.169998,51.422207,2127100
996,56.419998,56.82,56.32,56.650002,51.861641,612000
997,56.66,56.700001,56.150002,56.529999,51.751778,848800
998,56.709999,56.799999,56.34,56.549999,51.770088,715000
999,56.540001,56.59,55.84,56.130001,51.38559,1187800
1000,55.25,55.810001,55.02,55.630001,50.927853,1344000
1001,55.509998,55.77,54.740002,55,50.351105,959200
1002,55.27,55.84,55.27,55.720001,51.010246,1025500
1003,56.040001,56.130001,55.68,56.080002,51.339828,481600
1004,56.32,56.869999,55.950001,56.040001,51.303204,534400
1005,56.23,56.599998,56.16,56.290001,51.532066,996700
1006,56.549999,56.880001,56.419998,56.43,51.660236,852700
1007,56.470001,56.900002,56.299999,56.419998,51.651077,1305900
1008,56.77,56.860001,56.02,56.259998,51.504604,1877000
1009,56.349998,57.240002,56.259998,57.029999,52.209515,3754100
1010,57.360001,59.02,57.130001,58.75,53.784138,2981600
1011,58.290001,58.580002,57.970001,58.470001,54.101513,4588600
1012,58.540001,58.880001,57.990002,58.32,53.962715,1234400
1013,57.52,58.389999,57.389999,58.16,53.814667,1052800
1014,58.299999,59.07,58.23,58.869999,54.471622,1203900
1015,58.799999,58.950001,58.599998,58.73,54.342083,1807300
1016,58.709999,59.970001,58.639999,59.810001,55.341393,1389300
1017,59.200001,59.369999,58.830002,59.259998,54.832478,1985900
1018,59.470001,59.689999,58.790001,58.869999,54.471622,1479400
1019,59.189999,59.330002,58.869999,59.189999,54.767712,1025400
1020,59.25,59.360001,58.77,58.959999,54.554897,1039100
1021,58.310001,58.509998,57.790001,57.799999,53.481567,1068500
1022,57.41,57.799999,57.200001,57.66,53.352032,1078600
1023,58.029999,58.23,57.68,58.110001,53.768406,985600
1024,57.299999,57.330002,56.799999,56.990002,52.732086,1839100
1025,57.049999,58.040001,56.639999,57.650002,53.342777,1675300
1026,57.25,57.619999,56.369999,56.59,52.361977,2678200
1027,56.849998,56.990002,56.48,56.560001,52.334209,1506200
1028,57.049999,57.939999,57.049999,57.759998,53.444553,1528100
1029,57.799999,58.060001,57.619999,58.029999,53.694382,997600
1030,58.060001,58.419998,58.040001,58.240002,53.888695,1860300
1031,58.700001,58.700001,58.189999,58.439999,54.07375,744300
1032,58.610001,59,58.560001,58.970001,54.564156,770000
1033,58.959999,59.119999,58.599998,59.110001,54.693691,2010100
1034,59.139999,59.189999,58.73,59.009998,54.601166,1046200
1035,59.009998,59.389999,58.919998,59.200001,54.77697,950000
1036,58.970001,59.560001,58.970001,59.389999,54.952774,1017600
1037,59.650002,59.790001,59.490002,59.610001,55.156338,1419100
1038,59.080002,59.630001,58.91,59.490002,55.045303,1267100
1039,59.419998,59.68,59.07,59.5,55.05455,1075700
1040,59.869999,60.77,59.700001,60.540001,56.016853,1574100
1041,60.32,61.189999,60.259998,60.950001,56.396217,1244600
1042,61.41,62.16,60.82,62,57.367775,2626000
1043,62.169998,63.779999,62.099998,63.610001,58.857487,2700800
1044,63.400002,63.580002,61.400002,62.02,57.386276,4807300
1045,61.540001,62.130001,60.360001,60.369999,55.859554,2854900
1046,61.439999,62.09,61.310001,61.450001,56.858871,3825200
1047,61.59,62.540001,61.509998,62.169998,57.52507,1860200
1048,62.459999,62.84,62.220001,62.41,57.747139,1803200
1049,62.439999,62.779999,61.48,61.93,57.303001,3572600
1050,62.400002,62.84,61.810001,62.82,58.126507,3105600
1051,62.98,64.089996,62.82,63.75,58.987026,2149100
1052,63.849998,64.400002,63.650002,63.950001,59.172081,2272800
1053,64.260002,64.629997,64.099998,64.309998,59.505184,2043000
1054,64.330002,65.040001,64.209999,64.889999,60.041851,1315200
1055,65.139999,65.5,64.959999,65.480003,60.587769,2921400
1056,65.480003,65.82,65.029999,65.790001,60.874607,2130900
1057,65.699997,66.239998,65.559998,66.019997,61.087414,2832000
1058,66.150002,66.57,65.970001,66.279999,61.327995,1503100
1059,66.5,67.230003,66.129997,66.309998,61.355751,1971100
1060,66.230003,66.230003,65.279999,65.82,60.902359,1890800
1061,65.720001,65.849998,65.129997,65.580002,60.680305,1836200
1062,65.339996,65.660004,64.82,64.93,60.078861,1388300
1063,64.940002,65.580002,64.889999,64.910004,60.060364,1589500
1064,64.870003,65.25,64.620003,65.089996,60.22691,1909600
1065,65.540001,65.949997,65.449997,65.93,61.004143,1304700
1066,65.5,65.839996,65.25,65.540001,60.643284,1190900
1067,65.57,65.660004,65.300003,65.440002,60.550755,1567500
1068,65.370003,65.800003,65.07,65.209999,60.337933,1934800
1069,65.190002,65.75,65.07,65.739998,60.828335,1250300
1070,65.980003,66.779999,65.980003,66.660004,61.679623,1400400
1071,66.589996,66.760002,66.209999,66.360001,61.402023,1468800
1072,66.239998,66.440002,66.120003,66.330002,61.37426,3134600
1073,65.68,65.800003,65.139999,65.720001,61.38921,3265100
1074,65.699997,66.160004,65.529999,66.150002,61.790882,1225200
1075,66.18,66.730003,65.82,66.519997,62.136482,1316000
1076,66.379997,66.550003,66.080002,66.32,61.949669,1592600
1077,66.230003,66.529999,66.099998,66.269997,61.902962,2651800
1078,66.440002,66.519997,65.639999,65.93,61.585377,1279300
1079,66.25,66.410004,66,66.239998,61.874935,2599300
1080,66.349998,66.540001,65.529999,65.68,61.351852,1667600
1081,65.449997,65.610001,64.739998,64.959999,60.679287,3019600
1082,64.809998,66.220001,64.68,66.220001,61.856255,1153000
1083,66.040001,66.419998,65.699997,66.160004,61.80022,1162300
1084,66.18,67.57,66.150002,67.480003,63.033237,1464600
1085,67.639999,68.360001,67.639999,67.919998,63.444225,1070800
1086,68.040001,68.300003,67.709999,68.150002,63.659077,964800
1087,68.339996,69.059998,68.209999,68.769997,64.23822,2441800
1088,69.309998,69.629997,69.029999,69.370003,64.798683,1282400
1089,69.169998,69.25,68.669998,68.75,64.219543,1625400
1090,69.080002,69.269997,68.559998,68.589996,64.070076,1606800
1091,68.370003,68.610001,67.660004,68.489998,63.976669,1971800
1092,68.660004,69.449997,68.540001,69.440002,64.864067,1384400
1093,69.779999,70.660004,69.620003,70.639999,65.985001,1851300
1094,70.139999,71.029999,69.93,70.940002,66.265221,1280000
1095,71.43,71.669998,70.93,70.93,66.255882,1325300
1096,70.75,71.190002,70.190002,70.720001,66.059723,1847100
1097,70.739998,71.220001,70.650002,70.699997,66.041046,2071000
1098,70.459999,71.839996,70.459999,71.57,66.853714,2188700
1099,72.089996,72.650002,72.07,72.410004,67.638359,2318600
1100,72.459999,73.370003,72.370003,73.260002,68.432343,1234700
1101,73.529999,73.739998,73.050003,73.139999,68.320259,1316700
1102,72.660004,72.879997,71.93,72.260002,67.49823,1767000
1103,72.470001,73.010002,72.269997,72.889999,68.086723,1473400
1104,73.120003,73.419998,72.68,73.029999,68.217499,1247500
1105,73.019997,73.290001,72.650002,73.129997,68.310898,731000
1106,73.419998,73.650002,73.040001,73.07,68.25486,1720000
1107,72.959999,73.440002,72.889999,73.330002,68.497726,1703500
1108,73.790001,73.849998,71.790001,71.900002,67.161964,2742500
1109,72.349998,72.589996,71.839996,72.099998,67.348778,2866700
1110,72.699997,73.099998,72.489998,72.690002,67.899902,1891500
1111,72.830002,73.209999,72.489998,72.769997,67.974632,1236500
1112,72.349998,72.900002,72.349998,72.580002,67.79715,1326300
1113,72.980003,73.040001,72.43,72.830002,68.030685,852700
1114,72.949997,73.080002,72.650002,72.779999,67.983963,810100
1115,72.489998,72.779999,72.269997,72.610001,67.82518,1381200
1116,72.75,72.75,71.970001,72.099998,67.348778,1014300
1117,72.519997,72.599998,71.980003,71.989998,67.246033,972500
1118,71.989998,72.18,71.529999,71.779999,67.049873,1287300
1119,71.760002,71.849998,71.339996,71.589996,66.872391,2085100
1120,71.529999,71.970001,71.459999,71.800003,67.068558,1264000
1121,71.690002,72.010002,71.459999,71.660004,66.93779,1808700
1122,71.669998,72,70.459999,70.919998,66.246544,3631600
1123,70.18,70.349998,69.779999,70.010002,65.396507,3677900
1124,70.550003,71.029999,70.260002,70.910004,66.237213,1523300
1125,70.919998,70.919998,70.139999,70.82,66.15313,2015200
1126,70.970001,70.970001,70.489998,70.669998,66.013016,1485100
1127,71.010002,71.129997,70.510002,70.699997,66.041046,1174100
1128,71,71.389999,70.860001,71.300003,66.601509,1040800
1129,71.18,71.18,70.230003,70.389999,65.751472,2542500
1130,70.540001,70.720001,70.07,70.139999,65.517937,1526900
1131,70,70.440002,69.830002,70.050003,65.433876,1292800
1132,70.410004,70.870003,70.169998,70.760002,66.097092,599000
1133,70.57,70.800003,70.279999,70.589996,65.938286,937300
1134,70.669998,70.720001,69.599998,69.959999,65.349808,3774300
1135,69.989998,70.080002,69.339996,69.620003,65.032211,4123800
1136,68.269997,68.290001,66.610001,66.839996,63.008282,5160200
1137,67.699997,68.209999,67.230003,68.059998,64.158356,2257000
1138,67.660004,68.370003,67.309998,68.339996,64.422287,1320100
1139,68.150002,68.260002,67.349998,67.639999,63.762424,1409500
1140,68.110001,68.410004,67.489998,67.690002,63.80957,1149400
1141,67.120003,67.629997,66.959999,67.190002,63.33823,1286500
1142,67.330002,67.459999,66.580002,66.629997,62.810326,1002800
1143,65.410004,65.550003,63.82,64.150002,60.4725,3468700
1144,64.089996,65.120003,63.68,64.93,61.207779,1569500
1145,65.5,66.129997,65.330002,65.919998,62.141033,1193100
1146,65.949997,65.970001,65.220001,65.559998,61.80167,1063800
1147,66.010002,66.190002,65.709999,65.809998,62.037331,1157700
1148,65.769997,66.150002,65.5,65.889999,62.112751,1537000
1149,65.480003,66.32,65.290001,66.010002,62.225872,1731500
1150,66.209999,66.599998,65.629997,66.440002,62.631229,2409800
1151,67,67.690002,66.959999,67.18,63.328804,1478800
1152,67.110001,67.220001,65.970001,66.449997,62.640644,1791900
1153,66.839996,67.629997,65.910004,65.980003,62.197586,1006400
1154,66.410004,66.870003,65.989998,66.730003,62.904598,1110300
1155,66.349998,67.040001,66.290001,66.410004,62.60294,957100
1156,66.809998,67.260002,66.809998,67.019997,63.177967,998700
1157,67.18,67.540001,67.18,67.5,63.630459,1448800
1158,67.559998,67.610001,67.239998,67.25,63.394787,968600
1159,67.349998,68.5,67.260002,68.440002,64.516571,1492800
1160,68.75,69.32,68.669998,69.209999,65.242432,1182100
1161,69.209999,69.260002,68.690002,69.059998,65.101013,807500
1162,69.150002,69.300003,68.730003,68.800003,64.855934,645600
1163,68.440002,68.660004,67.959999,68.650002,64.714531,882700
1164,68.260002,68.370003,67.620003,68.059998,64.158356,1543200
1165,67.959999,68.139999,67.650002,67.669998,63.790703,1214000
1166,66.809998,67.120003,66.209999,66.720001,62.89518,2011400
1167,66.519997,67.199997,66.220001,67.169998,63.319378,932800
1168,67.779999,68.239998,67.650002,68.190002,64.280899,960500
1169,68.209999,68.410004,67.959999,68.089996,64.186615,1426700
1170,68.110001,68.550003,67.839996,68.099998,64.196053,2634600
1171,68.120003,68.139999,66.050003,66.110001,62.320137,2071200
1172,65.980003,66.379997,65.449997,66.07,62.282433,1685900
1173,66.190002,66.379997,65.620003,65.650002,61.886509,1422300
1174,65.519997,66.199997,64.93,64.940002,61.217209,1649300
1175,65.169998,65.989998,64.970001,65.07,61.339756,2010500
1176,65.199997,65.830002,64.760002,65.769997,61.999626,1298200
1177,65.889999,65.980003,65.5,65.830002,62.056194,838900
1178,65.790001,66.389999,65.580002,65.599998,61.839375,1488200
1179,65.599998,65.760002,65,65.019997,61.292618,1120100
1180,64.980003,65.510002,64.870003,65.190002,61.452877,781200
1181,65.720001,65.779999,64.839996,64.849998,61.132366,747100
1182,65.220001,65.480003,64.550003,64.879997,61.160648,1136500
1183,65.160004,65.25,64.400002,64.529999,60.830715,1024200
1184,64.43,65.389999,64.199997,65.370003,61.622559,1219300
1185,65.360001,65.709999,64.879997,65.419998,61.669697,935500
1186,65.25,65.610001,64.169998,64.650002,60.943836,2377700
1187,63.490002,63.950001,62.82,63.869999,60.208549,2598100
1188,64.209999,64.690002,63.889999,64.089996,60.415932,1686200
1189,64.440002,64.900002,64.25,64.379997,60.689312,1088300
1190,65,65.82,65,65.730003,61.961922,1183700
1191,65.510002,65.839996,65.449997,65.769997,61.999626,793800
1192,66.169998,67.089996,66.099998,67.080002,63.234531,1225600
1193,67.010002,67.230003,66.360001,66.980003,63.140274,2737000
1194,67.059998,67.129997,66.559998,66.589996,62.772614,931900
1195,66.760002,66.900002,65.830002,66.150002,62.357845,1381800
1196,66.629997,67.849998,66.349998,67.599998,63.724712,1798400
1197,67.580002,68.269997,67.199997,67.610001,63.734154,1204800
1198,67.889999,68.669998,67.639999,68.269997,64.356316,3394100
1199,67.690002,67.970001,67.129997,67.919998,64.026382,1351400
1200,67.639999,68.129997,67.550003,68.129997,64.822746,3032500
1201,68.290001,69.300003,68.169998,69.199997,65.840797,1366400
1202,69.540001,69.760002,68.889999,68.910004,65.564888,631800
1203,68.970001,69.190002,68.620003,68.739998,65.40313,985800
1204,68.739998,68.959999,67.849998,68.360001,65.041573,1086600
1205,68.940002,69.25,68.660004,69.080002,65.726639,975500
1206,69.559998,70.349998,69.559998,70.309998,66.896927,1155900
1207,70.209999,70.709999,70.019997,70.550003,67.125267,1170500
1208,70.75,71.739998,70.75,71.690002,68.209946,1280100
1209,71.769997,72.32,71.620003,72.300003,68.790314,887600
1210,72.360001,72.410004,71.620003,71.709999,68.228951,665500
1211,71.900002,72.330002,71.800003,72.089996,68.590508,842000
1212,72.239998,72.400002,71.809998,72.290001,68.780807,917900
1213,72.410004,73.220001,72.279999,72.870003,69.332649,1244200
1214,72.650002,73.279999,72.300003,72.599998,69.075752,1501900
1215,72.779999,73.309998,72.68,72.699997,69.170906,965500
1216,72.639999,72.760002,71.830002,72.510002,68.990128,1389400
1217,72.959999,73.209999,72.709999,73.139999,69.589539,935400
1218,72.949997,73.360001,72.599998,72.870003,69.332649,951500
1219,72.68,73.720001,72.639999,73.550003,69.979645,1357000
1220,73.459999,73.529999,72.82,73.260002,69.703728,1313600
1221,73.510002,73.970001,73.32,73.480003,69.913048,954500
1222,73.68,73.980003,73.349998,73.730003,70.150902,1174400
1223,73.419998,73.75,73.129997,73.639999,70.065269,2976500
1224,73.629997,74.220001,73.629997,73.830002,70.246048,984000
1225,73.660004,74.029999,73.529999,73.709999,70.131874,773900
1226,73.790001,74.489998,73.550003,74.440002,70.826439,955300
1227,74.599998,75.129997,74.360001,74.589996,70.969147,5403000
1228,74.559998,74.839996,74.18,74.190002,70.58857,862500
1229,73.959999,74.25,73.080002,73.379997,69.817879,1040100
1230,73.400002,73.410004,73.07,73.220001,69.665665,786400
1231,72.779999,72.900002,72.309998,72.629997,69.104294,1465400
1232,73.720001,73.949997,73.199997,73.220001,69.665665,1550500
1233,74.120003,75.480003,73.650002,75.190002,71.540031,4975000
1234,74.889999,75.730003,74.790001,75.620003,71.949158,2008700
1235,73.75,74.260002,73.32,73.949997,70.360222,3099600
1236,74.550003,74.82,73.059998,73.370003,69.80838,2248200
1237,73.010002,73.029999,71.720001,72.059998,68.561966,4510300
1238,72.440002,73.550003,71.68,71.730003,68.247986,3303600
1239,72.989998,75.529999,72.860001,75.32,71.663719,2558200
1240,75.459999,75.459999,74.199997,74.43,70.816917,2001100
1241,75.160004,75.269997,73.970001,74.019997,70.426826,1775000
1242,74.529999,75.309998,74.529999,75.040001,71.397316,1641300
1243,75.370003,75.620003,74.980003,75.489998,71.82547,1522400
1244,74.830002,75.300003,74.720001,75.050003,71.406822,991600
1245,75.279999,75.449997,74.809998,74.949997,71.311684,1347300
1246,74.660004,74.779999,73.889999,74.110001,70.512459,1821800
1247,73.879997,74.720001,73.580002,73.699997,70.122353,1433400
1248,73.730003,74.379997,73.379997,74.160004,70.560028,5949200
1249,74.779999,75.68,74.529999,74.760002,71.130913,1660300
1250,73.589996,74.160004,72.910004,73.010002,69.465866,2145800
1251,72.389999,72.830002,71.889999,72.610001,69.085274,1906300
1252,73.43,73.470001,73,73.360001,69.798866,1426800
1253,73.25,74.360001,73.25,74.349998,70.740807,1169800
1254,74.709999,75.25,74.599998,75.129997,71.482933,1026300
1255,75.279999,76.580002,75.160004,76.470001,72.757896,845300
1256,76.370003,77.199997,76.370003,76.5,72.786438,964700
1257,76.239998,76.650002,76.050003,76.190002,72.491493,1256200
1258,76.269997,76.629997,76.089996,76.300003,72.596153,841200